Login,Password,address1,address2,pass1,arrive,depart,firstName,lastName
Deni,Torero,Fulton Street,New York,Deni Torero,Portland,Denver,Deni,Torero
Bilbo,Molbo,Moreland Street,London,Bilbo Molbo,San Francisco,Frankfurt,Bilbo,Molbo
Lucy,Heil,Roanoke Street,San Francisco,Lucy Heil,Seattle,London,Lucy,Heil
Jimmy,Brown,Howell Street,Seattle,Jimmy Brown,Sydney,Los Angeles,Jimmy,Brown
Fibi,Olsen,Blackwelder Street,Los Angeles,Fibi Olsen,Zurich,Paris,Fibi,Olsen
Lily,Fabian,Shamrock Street,Sydney,Lily Fabian,Denver,Portland,Lily,Fabian
Mary,Clair,Trenton Street,Denver,Mary Clair,Frankfurt,San Francisco,Mary,Clair
Alex,Milton,Eureka Street,San Francisco,Alex Milton,London,Seattle,Alex,Milton
Bob,Norton,Spencer Street,London,Bob Norton,Los Angeles,Sydney,Bob,Norton
Kate,Burn,NE Knott Street,Portland,Kate Burn,Paris,Zurich,Kate,Burn
